Domain,Popularity,
Upgrade Your Account,0.193595578489489,
Upgrade Your Account,0.0709575764615356,
Upgrade Your Account,0.0477301782247716,
Upgrade Your Account,0.0341139108416961,
Upgrade Your Account,0.0249182678844756,
Upgrade Your Account,0.0247025200983286,
Upgrade Your Account,0.0235713978777591,
Upgrade Your Account,0.0201031650101997,
Upgrade Your Account,0.0168844193381986,
Upgrade Your Account,0.0168734034110022,
Upgrade Your Account,0.0158423467056298,
Upgrade Your Account,0.0156293052892218,
Upgrade Your Account,0.0155604432147547,
Upgrade Your Account,0.0139197917610868,
Upgrade Your Account,0.0120120115905998,
Upgrade Your Account,0.011078414266602,
Upgrade Your Account,0.0109577803413893,
Upgrade Your Account,0.0106042883591249,
Upgrade Your Account,0.0098512359674854,
Upgrade Your Account,0.0077720022622444,
Upgrade Your Account,0.0077013660120596,
Upgrade Your Account,0.0071904234525421,
Upgrade Your Account,0.0069120983838773,
Upgrade Your Account,0.0052268018531095,
Upgrade Your Account,0.0051915087869962,
Upgrade Your Account,0.0049603046225627,
Upgrade Your Account,0.0048263493440797,
Upgrade Your Account,0.0048177190316902,
Upgrade Your Account,0.0047626794900746,
Upgrade Your Account,0.0044530106503969,
Upgrade Your Account,0.0043983119108966,
Upgrade Your Account,0.0042391372758839,
Upgrade Your Account,0.0042064302964099,
Upgrade Your Account,0.0037651316515063,
Upgrade Your Account,0.0037381481428505,
Upgrade Your Account,0.0037042583795647,
Upgrade Your Account,0.003607550767562,
Upgrade Your Account,0.0034766727317081,
Upgrade Your Account,0.0032930806274957,
Upgrade Your Account,0.0031184596377881,
Upgrade Your Account,0.0031014696499829,
Upgrade Your Account,0.0027486191775826,
Upgrade Your Account,0.002625760015029,
Upgrade Your Account,0.002623324282264,
Upgrade Your Account,0.0024376572945851,
Upgrade Your Account,0.0024054214239176,
Upgrade Your Account,0.0023007550801642,
Upgrade Your Account,0.0022457355857319,
Upgrade Your Account,0.0021803917919254,
Upgrade Your Account,0.0021643039273665,
Upgrade Your Account,0.0021261541376399,
Upgrade Your Account,0.0021118103780238,
Upgrade Your Account,0.0020846564683104,
Upgrade Your Account,0.0020265497076574,
Upgrade Your Account,0.0019822153618979,
Upgrade Your Account,0.0018744216575574,
Upgrade Your Account,0.001859526600402,
Upgrade Your Account,0.0017932205417994,
Upgrade Your Account,0.0017585489383668,
Upgrade Your Account,0.0017379304103932,
Upgrade Your Account,0.0017264433743904,
Upgrade Your Account,0.0017091125844699,
Upgrade Your Account,0.0017018154097666,
Upgrade Your Account,0.0016085859840579,
Upgrade Your Account,0.0016075435305289,
Upgrade Your Account,0.0015740346637249,
Upgrade Your Account,0.0015588489224123,
Upgrade Your Account,0.0015213807369162,
Upgrade Your Account,0.0014918612595792,
Upgrade Your Account,0.0014627928438653,
Upgrade Your Account,0.0014278004855007,
Upgrade Your Account,0.0013955746384247,
Upgrade Your Account,0.001388447864779,
Upgrade Your Account,0.0013578257923632,
Upgrade Your Account,0.0013430409947156,
Upgrade Your Account,0.0013320952326605,
Upgrade Your Account,0.0013079985183929,
Upgrade Your Account,0.001225774996289,
Upgrade Your Account,0.0011924164833594,
Upgrade Your Account,0.0011914241477885,
Upgrade Your Account,0.0011875851121959,
Upgrade Your Account,0.0011757873448527,
Upgrade Your Account,0.0011678185895105,
Upgrade Your Account,0.0011553492415284,
Upgrade Your Account,0.0011524524235486,
Upgrade Your Account,0.0011429901530541,
Upgrade Your Account,0.0011184123063884,
Upgrade Your Account,0.0011133203218427,
Upgrade Your Account,0.0010727548465344,
Upgrade Your Account,0.0010675526024807,
Upgrade Your Account,0.0010323998666502,
Upgrade Your Account,0.0010085236713982,
Upgrade Your Account,0.0010039428900254,
Upgrade Your Account,0.0009925761371221,
Upgrade Your Account,0.0009589971051767,
Upgrade Your Account,0.0009583756424959,
Upgrade Your Account,0.0009526922660443,
Upgrade Your Account,0.0009494746931325,
Upgrade Your Account,0.0009453249261996,
Upgrade Your Account,0.0009295878873475,
Upgrade Your Account,0.0009142718393438,
Upgrade Your Account,0.0008931922261554,
Upgrade Your Account,0.0008573177917278,
Upgrade Your Account,0.0008226361647036,
Upgrade Your Account,0.0008112694118003,
Upgrade Your Account,0.0008028596184265,
Upgrade Your Account,0.0007930264750419,
Upgrade Your Account,0.0007901497042454,
Upgrade Your Account,0.0007896284774809,
Upgrade Your Account,0.0007829226946834,
Upgrade Your Account,0.0007821208073534,
Upgrade Your Account,0.000773941556587,
Upgrade Your Account,0.0007583147772429,
Upgrade Your Account,0.0007515288057124,
Upgrade Your Account,0.000749183285272,
Upgrade Your Account,0.0007442817489672,
Upgrade Your Account,0.0007366537957402,
Upgrade Your Account,0.0007363731351747,
Upgrade Your Account,0.0007354108703786,
Upgrade Your Account,0.0007338471900851,
Upgrade Your Account,0.0007274721858112,
Upgrade Your Account,0.0007205158132232,
Upgrade Your Account,0.0007011301870195,
Upgrade Your Account,0.0006848017562616,
Upgrade Your Account,0.0006789980967104,
Upgrade Your Account,0.0006669497395766,
Upgrade Your Account,0.0006662581117544,
Upgrade Your Account,0.0006607050419939,
Upgrade Your Account,0.0006567557468934,
Upgrade Your Account,0.000652325319395,
Upgrade Your Account,0.0006520546824211,
Upgrade Your Account,0.0006447474841261,
Upgrade Your Account,0.0006430334499582,
Upgrade Your Account,0.0006408382833922,
Upgrade Your Account,0.0006369792006164,
Upgrade Your Account,0.0006357964168046,
Upgrade Your Account,0.0006271260100485,
Upgrade Your Account,0.0006255723533466,
Upgrade Your Account,0.000625211504048,
Upgrade Your Account,0.0006226554881835,
Upgrade Your Account,0.0006196083163294,
Upgrade Your Account,0.000611188499364,
Upgrade Your Account,0.0006042722211424,
Upgrade Your Account,0.0006026083049326,
Upgrade Your Account,0.0005997916756858,
Upgrade Your Account,0.0005973158485543,
Upgrade Your Account,0.000594970328114,
Upgrade Your Account,0.0005827214991476,
Upgrade Your Account,0.0005754343480359,
Upgrade Your Account,0.0005749832864127,
Upgrade Your Account,0.0005729184265379,
Upgrade Your Account,0.0005666436581803,
Upgrade Your Account,0.0005634060380853,
Upgrade Your Account,0.0005611808007444,
Upgrade Your Account,0.0005589555634036,
Upgrade Your Account,0.0005533924700514,
Upgrade Your Account,0.0005496235996003,
Upgrade Your Account,0.0005482002495894,
Upgrade Your Account,0.0005472279612018,
Upgrade Your Account,0.0005457244224579,
Upgrade Your Account,0.0005421961182058,
Upgrade Your Account,0.0005391188755767,
Upgrade Your Account,0.0005350893917433,
Upgrade Your Account,0.0005330846734182,
Upgrade Your Account,0.0005314007100251,
Upgrade Your Account,0.0005296666286739,
Upgrade Your Account,0.0005261383244217,
Upgrade Your Account,0.0005240935117301,
Upgrade Your Account,0.000521848227206,
Upgrade Your Account,0.0005157639070894,
Upgrade Your Account,0.0005133983394658,
Upgrade Your Account,0.000512776876785,
Upgrade Your Account,0.0005125864285441,
Upgrade Your Account,0.0005124060038948,
Upgrade Your Account,0.0005115640221983,
Upgrade Your Account,0.0005105416158525,
Upgrade Your Account,0.0005060911411708,
Upgrade Your Account,0.0005048181450343,
Upgrade Your Account,0.0005044673193274,
Upgrade Your Account,0.0004980722678704,
Upgrade Your Account,0.0004977715601216,
Upgrade Your Account,0.000496288068561,
Upgrade Your Account,0.0004949348836916,
Upgrade Your Account,0.0004891011533656,
Upgrade Your Account,0.0004856931322129,
Upgrade Your Account,0.0004851919526316,
Upgrade Your Account,0.0004851618818568,
Upgrade Your Account,0.000476351144818,
Upgrade Your Account,0.0004758098708702,
Upgrade Your Account,0.000474155978252,
Upgrade Your Account,0.00046896375779,
Upgrade Your Account,0.0004659967746688,
Upgrade Your Account,0.0004608847429398,
Upgrade Your Account,0.0004586494820073,
Upgrade Your Account,0.0004476636255858,
Upgrade Your Account,0.000436336967049,
Upgrade Your Account,0.000432538025823,
Upgrade Your Account,0.0004307137321471,
Upgrade Your Account,0.0004295309483353,
Upgrade Your Account,0.0004281777634659,
Upgrade Your Account,0.0004272355458531,
Upgrade Your Account,0.0004271653807117,
Upgrade Your Account,0.0004261329507743,
Upgrade Your Account,0.0004240480437162,
Upgrade Your Account,0.0004240380201245,
Upgrade Your Account,0.0004225244577891,
Upgrade Your Account,0.0004210509898202,
Upgrade Your Account,0.0004198782296,
Upgrade Your Account,0.0004178334169084,
Upgrade Your Account,0.0004157685570335,
Upgrade Your Account,0.0004140444992739,
Upgrade Your Account,0.0004128316446873,
Upgrade Your Account,0.000412571031305,
Upgrade Your Account,0.0004102455580479,
Upgrade Your Account,0.0003997107632495,
Upgrade Your Account,0.0003983275076052,
Upgrade Your Account,0.0003972650068929,
Upgrade Your Account,0.0003934359948919,
Upgrade Your Account,0.0003924135885461,
Upgrade Your Account,0.0003919424797397,
Upgrade Your Account,0.0003853369328585,
Upgrade Your Account,0.0003824200676955,
Upgrade Your Account,0.0003821995486798,
Upgrade Your Account,0.0003816482511404,
Upgrade Your Account,0.0003815079208576,
Upgrade Your Account,0.0003806559155694,
Upgrade Your Account,0.0003772378708252,
Upgrade Your Account,0.0003770674697675,
Upgrade Your Account,0.0003739802035469,
Upgrade Your Account,0.0003729477736094,
Upgrade Your Account,0.0003718752493055,
Upgrade Your Account,0.0003673846802573,
Upgrade Your Account,0.0003635055502982,
Upgrade Your Account,0.0003621824362037,
Upgrade Your Account,0.0003602980009781,
Upgrade Your Account,0.0003587944622343,
Upgrade Your Account,0.0003550957569245,
Upgrade Your Account,0.0003547649784008,
Upgrade Your Account,0.0003535521238141,
Upgrade Your Account,0.0003499235836457,
Upgrade Your Account,0.0003495226399807,
Upgrade Your Account,0.0003494123804728,
Upgrade Your Account,0.0003477384406713,
Upgrade Your Account,0.0003454530617807,
Upgrade Your Account,0.0003440597825448,
Upgrade Your Account,0.0003420550642197,
Upgrade Your Account,0.0003419247575286,
Upgrade Your Account,0.000338085721936,
Upgrade Your Account,0.0003362213338937,
Upgrade Your Account,0.0003344672053592,
Upgrade Your Account,0.0003339860729612,
Upgrade Your Account,0.0003335149641548,
Upgrade Your Account,0.0003318209771701,
Upgrade Your Account,0.0003272602429805,
Upgrade Your Account,0.00032454384965,
Upgrade Your Account,0.0003245137788751,
Upgrade Your Account,0.0003243233306342,
Upgrade Your Account,0.0003204542242668,
Upgrade Your Account,0.0003189005675648,
Upgrade Your Account,0.000316434764025,
Upgrade Your Account,0.0003151717914801,
Upgrade Your Account,0.000308886999531,
Upgrade Your Account,0.0003076841685359,
Upgrade Your Account,0.0003073634136039,
Upgrade Your Account,0.0003072331069128,
Upgrade Your Account,0.0003063309836665,
Upgrade Your Account,0.0003056594030276,
Upgrade Your Account,0.0003055391199281,
Upgrade Your Account,0.000304336288933,
Upgrade Your Account,0.0002984123462823,
Upgrade Your Account,0.0002978009071932,
Upgrade Your Account,0.0002972395860622,
Upgrade Your Account,0.0002971694209208,
Upgrade Your Account,0.0002960167078838,
Upgrade Your Account,0.0002952348677371,
Upgrade Your Account,0.0002936711874435,
Upgrade Your Account,0.0002935809751188,
Upgrade Your Account,0.0002935208335691,
Upgrade Your Account,0.0002934606920193,
Upgrade Your Account,0.0002925886395479,
Upgrade Your Account,0.0002867950035884,
Upgrade Your Account,0.0002867448856303,
Upgrade Your Account,0.0002866847440805,
Upgrade Your Account,0.0002861534937244,
Upgrade Your Account,0.0002861334465411,
Upgrade Your Account,0.0002855721254101,
Upgrade Your Account,0.0002816428774929,
Upgrade Your Account,0.000281532617985,
Upgrade Your Account,0.0002808409901629,
Upgrade Your Account,0.0002805302588225,
Upgrade Your Account,0.0002795980648013,
Upgrade Your Account,0.000279578017618,
Upgrade Your Account,0.0002792472390944,
Upgrade Your Account,0.0002784754225392,
Upgrade Your Account,0.000278455375356,
Upgrade Your Account,0.0002774129218269,
Upgrade Your Account,0.0002772826151358,
Upgrade Your Account,0.0002764506570309,
Upgrade Your Account,0.0002761299020989,
Upgrade Your Account,0.0002759294302664,
Upgrade Your Account,0.000275859265125,
Upgrade Your Account,0.0002748569059624,
Upgrade Your Account,0.0002743757735644,
Upgrade Your Account,0.0002731328482029,
Upgrade Your Account,0.0002721004182654,
Upgrade Your Account,0.0002718097341083,
Upgrade Your Account,0.0002717596161502,
Upgrade Your Account,0.0002717295453753,
Upgrade Your Account,0.0002682814298561,
Upgrade Your Account,0.0002678905097827,
Upgrade Your Account,0.0002661464048399,
Upgrade Your Account,0.0002660962868818,
Upgrade Your Account,0.0002660762396985,
Upgrade Your Account,0.0002656652724419,
Upgrade Your Account,0.0002647030076458,
Upgrade Your Account,0.0002646428660961,
Upgrade Your Account,0.0002646127953212,
Upgrade Your Account,0.0002639011203158,
Upgrade Your Account,0.0002637908608079,
Upgrade Your Account,0.00026287871397,
Upgrade Your Account,0.0002619164491739,
Upgrade Your Account,0.0002611346090272,
Upgrade Your Account,0.0002611145618439,
Upgrade Your Account,0.0002602525329641,
Upgrade Your Account,0.0002600520611316,
Upgrade Your Account,0.0002596210466917,
Upgrade Your Account,0.0002561528839893,
Upgrade Your Account,0.0002557519403243,
Upgrade Your Account,0.000255731893141,
Upgrade Your Account,0.0002549600765859,
Upgrade Your Account,0.0002548798878528,
Upgrade Your Account,0.0002548397934863,
Upgrade Your Account,0.0002544087790465,
Upgrade Your Account,0.0002541581892558,
Upgrade Your Account,0.0002538374343238,
Upgrade Your Account,0.0002536670332662,
Upgrade Your Account,0.0002535467501667,
Upgrade Your Account,0.0002516723385327,
Upgrade Your Account,0.0002515019374751,
Upgrade Your Account,0.0002509606635273,
Upgrade Your Account,0.0002500084223229,
Upgrade Your Account,0.0002490962754849,
Upgrade Your Account,0.0002485650251288,
Upgrade Your Account,0.0002475927367411,
Upgrade Your Account,0.0002475325951914,
Upgrade Your Account,0.0002465903775786,
Upgrade Your Account,0.0002456581835574,
Upgrade Your Account,0.0002450567680599,
Upgrade Your Account,0.0002446959187614,
Upgrade Your Account,0.0002434930877663,
Upgrade Your Account,0.0002431222148762,
Upgrade Your Account,0.0002419795254308,
Upgrade Your Account,0.0002412177324673,
Upgrade Your Account,0.000240395797954,
Upgrade Your Account,0.0002400149014723,
Upgrade Your Account,0.0002391328254092,
Upgrade Your Account,0.0002387018109693,
Upgrade Your Account,0.0002383409616708,
Upgrade Your Account,0.0002374588856078,
Upgrade Your Account,0.0002371481542674,
Upgrade Your Account,0.0002360154884137,
Upgrade Your Account,0.0002354942616492,
Upgrade Your Account,0.0002353338841832,
Upgrade Your Account,0.0002349329405181,
Upgrade Your Account,0.0002345019260782,
Upgrade Your Account,0.0002336198500152,
Upgrade Your Account,0.0002324069954285,
Upgrade Your Account,0.000231725391198,
Upgrade Your Account,0.0002309635982344,
Upgrade Your Account,0.0002304724422448,
Upgrade Your Account,0.0002291593517419,
Upgrade Your Account,0.0002278562848305,
Upgrade Your Account,0.0002276959073645,
Upgrade Your Account,0.0002257613541808,
Upgrade Your Account,0.0002256410710813,
Upgrade Your Account,0.0002246286883271,
Upgrade Your Account,0.0002243179569867,
Upgrade Your Account,0.0002224335217612,
Upgrade Your Account,0.0002210602897085,
Upgrade Your Account,0.0002206493224518,
Upgrade Your Account,0.0002189553354671,
Upgrade Your Account,0.0002187849344095,
Upgrade Your Account,0.0002173014428489,
Upgrade Your Account,0.000217271372074,
Upgrade Your Account,0.0002169606407336,
Upgrade Your Account,0.0002156776210056,
Upgrade Your Account,0.0002153368188903,
Upgrade Your Account,0.0002142342238115,
Upgrade Your Account,0.0002129712512667,
Upgrade Your Account,0.0002126805671096,
Upgrade Your Account,0.000211998962879,
Upgrade Your Account,0.0002114977832977,
Upgrade Your Account,0.0002102648815278,
Upgrade Your Account,0.0002095732537057,
Upgrade Your Account,0.000209162286449,
Upgrade Your Account,0.0002089317438416,
Upgrade Your Account,0.000208280210386,
Upgrade Your Account,0.0002065060346683,
Upgrade Your Account,0.0002061953033279,
Upgrade Your Account,0.0002050626374742,
Upgrade Your Account,0.0002034388156309,
Upgrade Your Account,0.0002031180606988,
Upgrade Your Account,0.0002021557959028,
Upgrade Your Account,0.0002020555599865,
Upgrade Your Account,0.0002019853948452,
Upgrade Your Account,0.000201534333222,
Upgrade Your Account,0.0002013940029393,
Upgrade Your Account,0.0002008026110334,
Upgrade Your Account,0.0002006121627925,
Upgrade Your Account,0.0002000007237033,
Upgrade Your Account,0.0001988680578496,
Upgrade Your Account,0.0001974246606556,
Upgrade Your Account,0.0001972743067812,
Upgrade Your Account,0.0001971339764984,
Upgrade Your Account,0.0001965927025507,
Upgrade Your Account,0.0001962819712103,
Upgrade Your Account,0.000195700602896,
Upgrade Your Account,0.000195620414163,
Upgrade Your Account,0.0001945378662674,
Upgrade Your Account,0.0001942872764768,
Upgrade Your Account,0.000194146946194,
Upgrade Your Account,0.0001941168754192,
Upgrade Your Account,0.000193264870131,
Upgrade Your Account,0.0001931145162566,
Upgrade Your Account,0.0001928338556911,
Upgrade Your Account,0.0001920419919527,
Upgrade Your Account,0.0001920419919527,
Upgrade Your Account,0.0001919517796281,
Upgrade Your Account,0.0001893957637636,
Upgrade Your Account,0.0001892855042557,
Upgrade Your Account,0.000188393404601,
Upgrade Your Account,0.0001878421070616,
Upgrade Your Account,0.0001870402197316,
Upgrade Your Account,0.0001868898658572,
Upgrade Your Account,0.0001866192288833,
Upgrade Your Account,0.0001864688750089,
Upgrade Your Account,0.0001860779549355,
Upgrade Your Account,0.0001856569640872,
Upgrade Your Account,0.0001848450531656,
Upgrade Your Account,0.0001846946992912,
Upgrade Your Account,0.0001843238264011,
Upgrade Your Account,0.0001839028355528,
Upgrade Your Account,0.0001836923401287,
Upgrade Your Account,0.000183521939071,
Upgrade Your Account,0.0001831610897725,
Upgrade Your Account,0.0001828503584321,
Upgrade Your Account,0.0001827000045577,
Upgrade Your Account,0.000182238919343,
Upgrade Your Account,0.0001820284239188,
Upgrade Your Account,0.0001818680464528,
Upgrade Your Account,0.0001816274802538,
Upgrade Your Account,0.000181406961238,
Upgrade Your Account,0.0001813167489134,
Upgrade Your Account,0.0001807754749656,
Upgrade Your Account,0.0001801540122849,
Upgrade Your Account,0.0001800337291853,
Upgrade Your Account,0.0001799134460858,
Upgrade Your Account,0.0001796528327036,
Upgrade Your Account,0.0001795525967873,
Upgrade Your Account,0.000178650473541,
Upgrade Your Account,0.0001783597893839,
Upgrade Your Account,0.0001780490580435,
Upgrade Your Account,0.0001769865573312,
Upgrade Your Account,0.0001765655664829,
Upgrade Your Account,0.0001761145048598,
Upgrade Your Account,0.0001756133252785,
Upgrade Your Account,0.0001747011784406,
Upgrade Your Account,0.0001741699280844,
Upgrade Your Account,0.0001741298337179,
Upgrade Your Account,0.0001731074273721,
Upgrade Your Account,0.0001727165072987,
Upgrade Your Account,0.0001723857287751,
Upgrade Your Account,0.0001721050682096,
Upgrade Your Account,0.0001710726382722,
Upgrade Your Account,0.0001709222843978,
Upgrade Your Account,0.0001703509396751,
Upgrade Your Account,0.0001703509396751,
Upgrade Your Account,0.0001699900903766,
Upgrade Your Account,0.000169980066785,
Upgrade Your Account,0.000169659311853,
Upgrade Your Account,0.0001689576604392,
Upgrade Your Account,0.0001688373773397,
Upgrade Your Account,0.000168666976282,
Upgrade Your Account,0.0001681657967008,
Upgrade Your Account,0.0001680354900096,
Upgrade Your Account,0.0001674741688786,
Upgrade Your Account,0.0001671935083131,
Upgrade Your Account,0.0001653190966791,
Upgrade Your Account,0.0001653190966791,
Upgrade Your Account,0.0001651186248466,
Upgrade Your Account,0.0001644971621658,
Upgrade Your Account,0.0001641563600506,
Upgrade Your Account,0.000163314378354,
Upgrade Your Account,0.0001631439772964,
Upgrade Your Account,0.0001630136706053,
Upgrade Your Account,0.0001625525853905,
Upgrade Your Account,0.0001620113114427,
Upgrade Your Account,0.0001617607216521,
Upgrade Your Account,0.0001611593061546,
Upgrade Your Account,0.0001608285276309,
Upgrade Your Account,0.0001606080086152,
Upgrade Your Account,0.0001602872536831,
Upgrade Your Account,0.0001592147293792,
Upgrade Your Account,0.0001585331251487,
Upgrade Your Account,0.0001583426769078,
Upgrade Your Account,0.0001582624881748,
Upgrade Your Account,0.0001582524645832,
Upgrade Your Account,0.000158041969159,
Upgrade Your Account,0.0001575808839443,
Upgrade Your Account,0.0001573102469704,
Upgrade Your Account,0.0001571298223211,
Upgrade Your Account,0.0001570496335881,
Upgrade Your Account,0.0001570295864049,
Upgrade Your Account,0.000156919326897,
Upgrade Your Account,0.000156839138164,
Upgrade Your Account,0.0001560472744256,
Upgrade Your Account,0.0001559971564674,
Upgrade Your Account,0.0001558868969596,
Upgrade Your Account,0.0001554659061113,
Upgrade Your Account,0.000155445858928,
Upgrade Your Account,0.0001553255758285,
Upgrade Your Account,0.0001553255758285,
Upgrade Your Account,0.0001551952691374,
Upgrade Your Account,0.0001551852455458,
Upgrade Your Account,0.0001549246321635,
Upgrade Your Account,0.000154243027933,
Upgrade Your Account,0.0001541327684251,
Upgrade Your Account,0.0001537819427182,
Upgrade Your Account,0.0001537218011684,
Upgrade Your Account,0.0001535012821527,
Upgrade Your Account,0.0001533509282783,
Upgrade Your Account,0.0001519977434089,
Upgrade Your Account,0.00015132616277,
Upgrade Your Account,0.0001512359504453,
Upgrade Your Account,0.0001512058796705,
Upgrade Your Account,0.0001509753370631,
Upgrade Your Account,0.0001509252191049,
Upgrade Your Account,0.0001509051719217,
Upgrade Your Account,0.0001504541102985,
Upgrade Your Account,0.000150253638466,
Upgrade Your Account,0.0001497524588848,
Upgrade Your Account,0.0001494016331779,
Upgrade Your Account,0.0001493916095862,
Upgrade Your Account,0.0001491710905705,
Upgrade Your Account,0.0001490909018375,
Upgrade Your Account,0.0001489505715547,
Upgrade Your Account,0.0001487500997222,
Upgrade Your Account,0.0001485095335232,
Upgrade Your Account,0.0001484493919734,
Upgrade Your Account,0.0001481887785912,
Upgrade Your Account,0.0001479482123922,
Upgrade Your Account,0.0001478880708424,
Upgrade Your Account,0.0001478680236592,
Upgrade Your Account,0.0001476976226015,
Upgrade Your Account,0.0001476074102769,
Upgrade Your Account,0.0001474871271774,
Upgrade Your Account,0.0001462041074493,
Upgrade Your Account,0.0001457931401927,
Upgrade Your Account,0.0001456528099099,
Upgrade Your Account,0.0001456528099099,
Upgrade Your Account,0.0001456026919518,
Upgrade Your Account,0.0001445401912395,
Upgrade Your Account,0.0001444900732814,
Upgrade Your Account,0.0001444499789149,
Upgrade Your Account,0.0001443196722237,
Upgrade Your Account,0.000144259530674,
Upgrade Your Account,0.0001438986813755,
Upgrade Your Account,0.0001437082331346,
Upgrade Your Account,0.000143698209543,
Upgrade Your Account,0.0001435177848937,
Upgrade Your Account,0.0001434977377105,
Upgrade Your Account,0.0001434075253858,
Upgrade Your Account,0.0001428562278464,
Upgrade Your Account,0.000142625685239,
Upgrade Your Account,0.0001419340574169,
Upgrade Your Account,0.0001418137743174,
Upgrade Your Account,0.0001411221464952,
Upgrade Your Account,0.0001407212028302,
Upgrade Your Account,0.0001404405422647,
Upgrade Your Account,0.0001403403063484,
Upgrade Your Account,0.0001399995042332,
Upgrade Your Account,0.0001398090559923,
Upgrade Your Account,0.0001395985605681,
Upgrade Your Account,0.0001394381831021,
Upgrade Your Account,0.0001382553992903,
Upgrade Your Account,0.0001382353521071,
Upgrade Your Account,0.0001377842904839,
Upgrade Your Account,0.0001377642433007,
Upgrade Your Account,0.0001375036299184,
Upgrade Your Account,0.0001373733232273,
Upgrade Your Account,0.0001370024503371,
Upgrade Your Account,0.0001366917189967,
Upgrade Your Account,0.0001360401855411,
Upgrade Your Account,0.0001355891239179,
Upgrade Your Account,0.0001353786284938,
Upgrade Your Account,0.0001352683689859,
Upgrade Your Account,0.0001352483218027,
Upgrade Your Account,0.0001352082274362,
Upgrade Your Account,0.000134436410881,
Upgrade Your Account,0.000133634523551,
Upgrade Your Account,0.0001333037450273,
Upgrade Your Account,0.0001331433675613,
Upgrade Your Account,0.0001331233203781,
Upgrade Your Account,0.0001329930136869,
Upgrade Your Account,0.0001329428957288,
Upgrade Your Account,0.0001326622351633,
Upgrade Your Account,0.0001314994985347,
Upgrade Your Account,0.0001313391210687,
Upgrade Your Account,0.0001310684840949,
Upgrade Your Account,0.0001310484369116,
Upgrade Your Account,0.0001310183661367,
Upgrade Your Account,0.0001294246150683,
Upgrade Your Account,0.0001291339309111,
Upgrade Your Account,0.0001291038601363,
Upgrade Your Account,0.0001290537421781,
Upgrade Your Account,0.0001290336949949,
Upgrade Your Account,0.0001289134118954,
Upgrade Your Account,0.0001288733175289,
Upgrade Your Account,0.0001288131759791,
Upgrade Your Account,0.0001280012650575,
Upgrade Your Account,0.0001279711942826,
Upgrade Your Account,0.0001272695428688,
Upgrade Your Account,0.0001272695428688,
Upgrade Your Account,0.0001269588115284,
Upgrade Your Account,0.0001266180094131,
Upgrade Your Account,0.0001264977263136,
Upgrade Your Account,0.0001264476083555,
Upgrade Your Account,0.000126327325256,
Upgrade Your Account,0.0001260165939156,
Upgrade Your Account,0.0001259163579994,
Upgrade Your Account,0.0001258361692663,
Upgrade Your Account,0.0001256657682087,
Upgrade Your Account,0.0001254853435595,
Upgrade Your Account,0.0001249440696117,
Upgrade Your Account,0.000124853857287,
Upgrade Your Account,0.0001248037393289,
Upgrade Your Account,0.0001247035034127,
Upgrade Your Account,0.000124533102355,
Upgrade Your Account,0.0001244930079885,
Upgrade Your Account,0.000124372724889,
Upgrade Your Account,0.0001243627012974,
Upgrade Your Account,0.0001238314509413,
Upgrade Your Account,0.0001238013801664,
Upgrade Your Account,0.0001238013801664,
Upgrade Your Account,0.0001234505544595,
Upgrade Your Account,0.0001230295636112,
Upgrade Your Account,0.0001223780301556,
Upgrade Your Account,0.0001220572752235,
Upgrade Your Account,0.0001217565674748,
Upgrade Your Account,0.0001212353407102,
Upgrade Your Account,0.0001211852227521,
Upgrade Your Account,0.000120974727328,
Upgrade Your Account,0.0001207241375373,
Upgrade Your Account,0.0001205838072546,
Upgrade Your Account,0.0001204033826053,
Upgrade Your Account,0.0001196215424585,
Upgrade Your Account,0.0001195313301339,
Upgrade Your Account,0.0001194010234428,
Upgrade Your Account,0.0001191103392856,
Upgrade Your Account,0.000118779560762,
Upgrade Your Account,0.0001180879329398,
Upgrade Your Account,0.0001180779093482,
Upgrade Your Account,0.0001180678857566,
Upgrade Your Account,0.000118057862165,
Upgrade Your Account,0.0001179375790655,
Upgrade Your Account,0.0001177070364581,
Upgrade Your Account,0.0001172960692014,
Upgrade Your Account,0.0001170555030024,
Upgrade Your Account,0.0001169452434945,
Upgrade Your Account,0.0001169251963113,
Upgrade Your Account,0.0001165142290546,
Upgrade Your Account,0.0001164841582798,
Upgrade Your Account,0.0001164139931384,
Upgrade Your Account,0.0001160832146147,
Upgrade Your Account,0.000116023073065,
Upgrade Your Account,0.0001159829786985,
Upgrade Your Account,0.0001159729551069,
Upgrade Your Account,0.0001158426484157,
Upgrade Your Account,0.0001157624596827,
Upgrade Your Account,0.0001156922945414,
Upgrade Your Account,0.0001154517283423,
Upgrade Your Account,0.0001152713036931,
Upgrade Your Account,0.0001152011385517,
Upgrade Your Account,0.0001148402892532,
Upgrade Your Account,0.000114469416363,
Upgrade Your Account,0.0001143691804468,
Upgrade Your Account,0.0001141185906562,
Upgrade Your Account,0.0001140183547399,
Upgrade Your Account,0.000113827906499,
Upgrade Your Account,0.0001131463022685,
Upgrade Your Account,0.0001129959483941,
Upgrade Your Account,0.0001128556181113,
Upgrade Your Account,0.0001128055001532,
Upgrade Your Account,0.0001127453586035,
Upgrade Your Account,0.0001121138723311,
Upgrade Your Account,0.0001118532589488,
Upgrade Your Account,0.0001118231881739,
Upgrade Your Account,0.0001116126927498,
Upgrade Your Account,0.0001113220085926,
Upgrade Your Account,0.0001111014895769,
Upgrade Your Account,0.0001105201212626,
Upgrade Your Account,0.0001101592719641,
Upgrade Your Account,0.0001099788473148,
Upgrade Your Account,0.0001097182339326,
Upgrade Your Account,0.0001093072666759,
Upgrade Your Account,0.000109197007168,
Upgrade Your Account,0.0001082247187804,
Upgrade Your Account,0.000108074364906,
Upgrade Your Account,0.000107994176173,
Upgrade Your Account,0.0001078438222986,
Upgrade Your Account,0.0001077937043405,
Upgrade Your Account,0.000107673421241,
Upgrade Your Account,0.0001074529022252,
Upgrade Your Account,0.0001073727134922,
Upgrade Your Account,0.000107352666309,
Upgrade Your Account,0.0001068414631361,
Upgrade Your Account,0.0001068013687696,
Upgrade Your Account,0.0001067913451779,
Upgrade Your Account,0.0001062099768636,
Upgrade Your Account,0.0001061799060888,
Upgrade Your Account,0.0001059794342563,
Upgrade Your Account,0.0001059393398898,
Upgrade Your Account,0.0001057288444656,
Upgrade Your Account,0.000105638632141,
Upgrade Your Account,0.0001055885141829,
Upgrade Your Account,0.0001055383962247,
Upgrade Your Account,0.0001055283726331,
Upgrade Your Account,0.0001054481839001,
Upgrade Your Account,0.000105398065942,
Upgrade Your Account,0.0001053880423504,
Upgrade Your Account,0.0001053679951671,
Upgrade Your Account,0.0001053379243922,
Upgrade Your Account,0.0001049570279105,
Upgrade Your Account,0.0001047365088947,
Upgrade Your Account,0.0001046964145282,
Upgrade Your Account,0.0001046763673449,
Upgrade Your Account,0.0001044959426957,
Upgrade Your Account,0.0001044157539627,
Upgrade Your Account,0.0001044057303711,
Upgrade Your Account,0.0001040549046642,
Upgrade Your Account,0.0001039747159312,
Upgrade Your Account,0.0001039646923395,
Upgrade Your Account,0.0001039546687479,
Upgrade Your Account,0.0001032931117006,
Upgrade Your Account,0.0001032329701509,
Upgrade Your Account,0.0001031828521927,
Upgrade Your Account,0.0001028620972607,
Upgrade Your Account,0.0001026816726115,
Upgrade Your Account,0.0001023909884543,
Upgrade Your Account,0.0001023709412711,
Upgrade Your Account,0.0001022807289465,
Upgrade Your Account,0.0001021403986637,
Upgrade Your Account,0.0001017695257736,
Upgrade Your Account,0.0001016793134489,
Upgrade Your Account,0.0001016592662657,
Upgrade Your Account,0.0001016091483075,
Upgrade Your Account,0.0001015289595745,
Upgrade Your Account,0.0001015089123913,
Upgrade Your Account,0.000101248299009,
Upgrade Your Account,0.0001012182282342,
Upgrade Your Account,0.0001011981810509,
Upgrade Your Account,0.0001005466475952,
Upgrade Your Account,0.0001004764824539,
Upgrade Your Account,0.0001004564352706,
Upgrade Your Account,0.0001004363880874,
Upgrade Your Account,0.0000999753028726,
Upgrade Your Account,0.0000998449961815,
Upgrade Your Account,0.0000991633919509,
Upgrade Your Account,0.0000986622123697,
Upgrade Your Account,0.000098491811312,
Upgrade Your Account,0.0000980808440554,
Upgrade Your Account,0.0000980507732805,
Upgrade Your Account,0.0000978803722229,
Upgrade Your Account,0.000097689923982,
Upgrade Your Account,0.0000972288387672,
Upgrade Your Account,0.0000969582017933,
Upgrade Your Account,0.0000968780130603,
Upgrade Your Account,0.0000967076120027,
Upgrade Your Account,0.0000965773053116,
Upgrade Your Account,0.0000962064324214,
Upgrade Your Account,0.0000961462908717,
Upgrade Your Account,0.000095975889814,
Upgrade Your Account,0.0000959357954475,
Upgrade Your Account,0.0000958455831229,
Upgrade Your Account,0.0000958355595313,
Upgrade Your Account,0.0000957152764318,
Upgrade Your Account,0.000095655134882,
Upgrade Your Account,0.0000953844979081,
Upgrade Your Account,0.0000953744743165,
Upgrade Your Account,0.0000951238845259,
Upgrade Your Account,0.0000948332003687,
Upgrade Your Account,0.0000947429880441,
Upgrade Your Account,0.000094612681353,
Upgrade Your Account,0.0000945525398032,
Upgrade Your Account,0.0000941616197298,
Upgrade Your Account,0.0000937306052899,
Upgrade Your Account,0.0000934098503579,
Upgrade Your Account,0.0000932294257086,
Upgrade Your Account,0.0000929587887348,
Upgrade Your Account,0.0000925678686614,
Upgrade Your Account,0.0000925177507032,
Upgrade Your Account,0.0000924074911954,
Upgrade Your Account,0.0000923974676037,
Upgrade Your Account,0.0000918762408392,
Upgrade Your Account,0.0000918361464727,
Upgrade Your Account,0.0000904027728703,
Upgrade Your Account,0.0000903727020954,
Upgrade Your Account,0.0000903426313205,
Upgrade Your Account,0.0000901622066712,
Upgrade Your Account,0.0000899517112471,
Upgrade Your Account,0.0000898614989225,
Upgrade Your Account,0.0000897512394146,
Upgrade Your Account,0.0000896109091318,
Upgrade Your Account,0.0000891297767338,
Upgrade Your Account,0.0000890997059589,
Upgrade Your Account,0.0000890696351841,
Upgrade Your Account,0.000088588502786,
Upgrade Your Account,0.0000883078422205,
Upgrade Your Account,0.0000880973467964,
Upgrade Your Account,0.0000880772996131,
Upgrade Your Account,0.0000879269457388,
Upgrade Your Account,0.0000876964031314,
Upgrade Your Account,0.0000872854358747,
Upgrade Your Account,0.000087225294325,
Upgrade Your Account,0.0000870749404506,
Upgrade Your Account,0.00008682435066,
Upgrade Your Account,0.0000867842562935,
Upgrade Your Account,0.0000867341383353,
Upgrade Your Account,0.0000867241147437,
Upgrade Your Account,0.0000863031238954,
Upgrade Your Account,0.0000862931003038,
Upgrade Your Account,0.0000862630295289,
Upgrade Your Account,0.0000861126756545,
Upgrade Your Account,0.0000859021802304,
Upgrade Your Account,0.0000851604344501,
Upgrade Your Account,0.0000846091369107,
Upgrade Your Account,0.0000845189245861,
Upgrade Your Account,0.0000842783583871,
Upgrade Your Account,0.0000841881460625,
Upgrade Your Account,0.0000840879101462,
Upgrade Your Account,0.0000835967541566,
Upgrade Your Account,0.0000835065418319,
Upgrade Your Account,0.0000834363766905,
Upgrade Your Account,0.000083316093591,
Upgrade Your Account,0.000083235904858,
Upgrade Your Account,0.0000830153858423,
Upgrade Your Account,0.0000826244657689,
Upgrade Your Account,0.0000826044185856,
Upgrade Your Account,0.0000826044185856,
Upgrade Your Account,0.0000823337816117,
Upgrade Your Account,0.0000822836636536,
Upgrade Your Account,0.0000822335456955,
Upgrade Your Account,0.0000821834277374,
Upgrade Your Account,0.0000821232861876,
Upgrade Your Account,0.0000820531210462,
Upgrade Your Account,0.0000820030030881,
Upgrade Your Account,0.0000820030030881,
Upgrade Your Account,0.0000818426256221,
Upgrade Your Account,0.0000816020594231,
Upgrade Your Account,0.0000815820122398,
Upgrade Your Account,0.000081551941465,
Upgrade Your Account,0.0000814015875906,
Upgrade Your Account,0.0000812612573078,
Upgrade Your Account,0.0000810708090669,
Upgrade Your Account,0.0000804693935694,
Upgrade Your Account,0.0000802488745536,
Upgrade Your Account,0.0000802087801871,
Upgrade Your Account,0.0000801887330039,
Upgrade Your Account,0.0000799882611714,
Upgrade Your Account,0.0000799782375798,
Upgrade Your Account,0.0000799682139881,
Upgrade Your Account,0.0000799080724384,
Upgrade Your Account,0.000079597341098,
Upgrade Your Account,0.0000793667984906,
Upgrade Your Account,0.0000791763502497,
Upgrade Your Account,0.0000791262322916,
Upgrade Your Account,0.0000790660907418,
Upgrade Your Account,0.0000790660907418,
Upgrade Your Account,0.0000788656189093,
Upgrade Your Account,0.0000788155009512,
Upgrade Your Account,0.0000787353122182,
Upgrade Your Account,0.0000786751706684,
Upgrade Your Account,0.0000786751706684,
Upgrade Your Account,0.0000786250527103,
Upgrade Your Account,0.0000786150291187,
Upgrade Your Account,0.0000786050055271,
Upgrade Your Account,0.0000784546516527,
Upgrade Your Account,0.0000783042977783,
Upgrade Your Account,0.000078284250595,
Upgrade Your Account,0.0000778933305216,
Upgrade Your Account,0.0000778331889719,
Upgrade Your Account,0.0000776527643226,
Upgrade Your Account,0.0000775024104483,
Upgrade Your Account,0.0000771114903749,
Upgrade Your Account,0.0000763496974113,
Upgrade Your Account,0.0000761993435369,
Upgrade Your Account,0.0000757783526887,
Upgrade Your Account,0.000075367385432,
Upgrade Your Account,0.0000753473382488,
Upgrade Your Account,0.0000751969843744,
Upgrade Your Account,0.000074725875568,
Upgrade Your Account,0.0000743550026779,
Upgrade Your Account,0.0000743449790862,
Upgrade Your Account,0.0000740643185207,
Upgrade Your Account,0.0000740142005626,
Upgrade Your Account,0.0000739741061961,
Upgrade Your Account,0.0000739139646463,
Upgrade Your Account,0.0000736032333059,
Upgrade Your Account,0.0000736032333059,
Upgrade Your Account,0.0000733927378818,
Upgrade Your Account,0.0000729015818922,
Upgrade Your Account,0.0000727812987927,
Upgrade Your Account,0.0000725407325936,
Upgrade Your Account,0.0000723402607611,
Upgrade Your Account,0.0000722300012532,
Upgrade Your Account,0.000072129765337,
Upgrade Your Account,0.0000720796473789,
Upgrade Your Account,0.0000720596001956,
Upgrade Your Account,0.0000719894350542,
Upgrade Your Account,0.0000719092463212,
Upgrade Your Account,0.0000717588924469,
Upgrade Your Account,0.000071568444206,
Upgrade Your Account,0.0000707765804676,
Upgrade Your Account,0.0000706763445513,
Upgrade Your Account,0.0000705660850434,
Upgrade Your Account,0.0000704758727188,
Upgrade Your Account,0.0000700448582789,
Upgrade Your Account,0.0000696840089804,
Upgrade Your Account,0.0000695737494725,
Upgrade Your Account,0.0000694634899646,
Upgrade Your Account,0.0000691527586242,
Upgrade Your Account,0.0000690926170745,
Upgrade Your Account,0.0000687718621425,
Upgrade Your Account,0.0000686816498178,
Upgrade Your Account,0.0000686014610848,
Upgrade Your Account,0.0000685814139016,
Upgrade Your Account,0.0000685513431267,
Upgrade Your Account,0.0000684611308021,
Upgrade Your Account,0.0000681303522784,
Upgrade Your Account,0.0000679298804459,
Upgrade Your Account,0.0000679198568543,
Upgrade Your Account,0.0000678897860794,
Upgrade Your Account,0.0000678296445297,
Upgrade Your Account,0.000067819620938,
Upgrade Your Account,0.000067739432205,
Upgrade Your Account,0.0000676893142469,
Upgrade Your Account,0.0000675690311474,
Upgrade Your Account,0.0000670277571996,
Upgrade Your Account,0.0000667370730425,
Upgrade Your Account,0.0000664463888853,
Upgrade Your Account,0.0000664263417021,
Upgrade Your Account,0.0000663662001523,
Upgrade Your Account,0.0000660755159952,
Upgrade Your Account,0.0000659452093041,
Upgrade Your Account,0.0000657748082464,
Upgrade Your Account,0.0000655643128223,
Upgrade Your Account,0.0000652435578903,
Upgrade Your Account,0.0000652034635238,
Upgrade Your Account,0.0000651733927489,
Upgrade Your Account,0.0000650430860578,
Upgrade Your Account,0.0000649729209164,
Upgrade Your Account,0.0000649127793666,
Upgrade Your Account,0.0000647624254923,
Upgrade Your Account,0.0000647624254923,
Upgrade Your Account,0.0000646220952095,
Upgrade Your Account,0.0000645318828849,
Upgrade Your Account,0.000064421623377,
Upgrade Your Account,0.0000643213874607,
Upgrade Your Account,0.0000642411987277,
Upgrade Your Account,0.0000642411987277,
Upgrade Your Account,0.0000641509864031,
Upgrade Your Account,0.0000639204437957,
Upgrade Your Account,0.0000638001606962,
Upgrade Your Account,0.0000637099483716,
Upgrade Your Account,0.0000635595944972,
Upgrade Your Account,0.0000634292878061,
Upgrade Your Account,0.0000633891934396,
Upgrade Your Account,0.0000631185564657,
Upgrade Your Account,0.0000628779902667,
Upgrade Your Account,0.0000628579430834,
Upgrade Your Account,0.000062627400476,
Upgrade Your Account,0.0000625672589263,
Upgrade Your Account,0.0000625071173765,
Upgrade Your Account,0.0000622364804026,
Upgrade Your Account,0.0000621362444864,
Upgrade Your Account,0.0000621161973031,
Upgrade Your Account,0.0000619658434288,
Upgrade Your Account,0.0000618455603292,
Upgrade Your Account,0.000061825513146,
Upgrade Your Account,0.0000616350649051,
Upgrade Your Account,0.0000614646638475,
Upgrade Your Account,0.0000613644279312,
Upgrade Your Account,0.000061344380748,
Upgrade Your Account,0.0000612341212401,
Upgrade Your Account,0.0000611739796903,
Upgrade Your Account,0.0000610737437741,
Upgrade Your Account,0.0000609033427165,
Upgrade Your Account,0.0000608231539834,
Upgrade Your Account,0.0000607329416588,
Upgrade Your Account,0.0000606327057426,
Upgrade Your Account,0.0000602417856692,
Upgrade Your Account,0.0000600112430618,
Upgrade Your Account,0.0000599611251037,
Upgrade Your Account,0.0000598909599623,
Upgrade Your Account,0.0000598508655958,
Upgrade Your Account,0.0000597606532711,
Upgrade Your Account,0.0000596002758051,
Upgrade Your Account,0.0000591993321401,
Upgrade Your Account,0.000059149214182,
Upgrade Your Account,0.0000590389546741,
Upgrade Your Account,0.0000589988603076,
Upgrade Your Account,0.0000589988603076,
Upgrade Your Account,0.0000588685536165,
Upgrade Your Account,0.0000588184356583,
Upgrade Your Account,0.000058748270517,
Upgrade Your Account,0.0000583673740352,
Upgrade Your Account,0.0000581669022027,
Upgrade Your Account,0.0000581268078362,
Upgrade Your Account,0.0000581067606529,
Upgrade Your Account,0.0000580867134697,
Upgrade Your Account,0.0000579764539618,
Upgrade Your Account,0.0000577158405795,
Upgrade Your Account,0.0000575454395219,
Upgrade Your Account,0.0000571344722653,
Upgrade Your Account,0.0000570843543071,
Upgrade Your Account,0.0000567836465584,
Upgrade Your Account,0.0000563827028934,
Upgrade Your Account,0.0000562022782441,
Upgrade Your Account,0.0000561822310608,
Upgrade Your Account,0.0000561421366943,
Upgrade Your Account,0.0000560920187362,
Upgrade Your Account,0.0000558815233121,
Upgrade Your Account,0.0000558113581707,
Upgrade Your Account,0.0000557211458461,
Upgrade Your Account,0.0000556309335214,
Upgrade Your Account,0.0000555206740136,
Upgrade Your Account,0.0000549693764742,
Upgrade Your Account,0.0000547689046417,
Upgrade Your Account,0.0000545584092175,
Upgrade Your Account,0.0000545082912594,
Upgrade Your Account,0.0000543880081599,
Upgrade Your Account,0.0000543679609766,
Upgrade Your Account,0.0000540973240027,
Upgrade Your Account,0.0000539068757619,
Upgrade Your Account,0.0000538367106205,
Upgrade Your Account,0.000053796616254,
Upgrade Your Account,0.0000536963803377,
Upgrade Your Account,0.0000534558141387,
Upgrade Your Account,0.0000534357669555,
Upgrade Your Account,0.0000533756254057,
Upgrade Your Account,0.0000532252715313,
Upgrade Your Account,0.0000530949648402,
Upgrade Your Account,0.0000530348232904,
Upgrade Your Account,0.0000530247996988,
Upgrade Your Account,0.0000529045165993,
Upgrade Your Account,0.0000528243278663,
Upgrade Your Account,0.0000526739739919,
Upgrade Your Account,0.0000525436673008,
Upgrade Your Account,0.0000525436673008,
Upgrade Your Account,0.0000524534549762,
Upgrade Your Account,0.0000523933134264,
Upgrade Your Account,0.0000523331718767,
Upgrade Your Account,0.0000522529831437,
Upgrade Your Account,0.0000521828180023,
Upgrade Your Account,0.0000520224405363,
Upgrade Your Account,0.0000519121810284,
Upgrade Your Account,0.0000515513317299,
Upgrade Your Account,0.0000513809306722,
Upgrade Your Account,0.0000513308127141,
Upgrade Your Account,0.0000511904824314,
Upgrade Your Account,0.0000511102936984,
Upgrade Your Account,0.0000511002701067,
Upgrade Your Account,0.0000510802229235,
Upgrade Your Account,0.0000508396567245,
Upgrade Your Account,0.0000507895387663,
Upgrade Your Account,0.000050639184892,
Upgrade Your Account,0.0000502683120018,
Upgrade Your Account,0.0000502181940437,
Upgrade Your Account,0.0000501580524939,
Upgrade Your Account,0.0000500979109442,
Upgrade Your Account,0.000050047792986,
Upgrade Your Account,0.0000499475570698,
Upgrade Your Account,0.0000499174862949,
Upgrade Your Account,0.0000499074627033,
Upgrade Your Account,0.0000497470852373,
Upgrade Your Account,0.0000496268021378,
Upgrade Your Account,0.0000494564010801,
Upgrade Your Account,0.0000494363538969,
Upgrade Your Account,0.0000491857641063,
Upgrade Your Account,0.0000491356461481,
Upgrade Your Account,0.0000489652450905,
Upgrade Your Account,0.0000489451979072,
Upgrade Your Account,0.0000488850563575,
Upgrade Your Account,0.0000488549855826,
Upgrade Your Account,0.0000488349383994,
Upgrade Your Account,0.0000488148912161,
Upgrade Your Account,0.0000484941362841,
Upgrade Your Account,0.0000484740891008,
Upgrade Your Account,0.0000484239711427,
Upgrade Your Account,0.0000483137116348,
Upgrade Your Account,0.0000483137116348,
Upgrade Your Account,0.0000481934285353,
Upgrade Your Account,0.0000480029802945,
Upgrade Your Account,0.0000479027443782,
Upgrade Your Account,0.0000477924848703,
Upgrade Your Account,0.0000477022725457,
Upgrade Your Account,0.0000476922489541,
Upgrade Your Account,0.0000475118243048,
Upgrade Your Account,0.0000474416591634,
Upgrade Your Account,0.0000473213760639,
Upgrade Your Account,0.0000471710221895,
Upgrade Your Account,0.0000470006211319,
Upgrade Your Account,0.000046970550357,
Upgrade Your Account,0.0000466999133831,
Upgrade Your Account,0.0000466999133831,
Upgrade Your Account,0.0000466097010585,
Upgrade Your Account,0.0000465595831004,
Upgrade Your Account,0.0000464292764092,
Upgrade Your Account,0.0000462889461265,
Upgrade Your Account,0.0000462388281684,
Upgrade Your Account,0.000046168663027,
Upgrade Your Account,0.0000460684271107,
Upgrade Your Account,0.0000459882383777,
Upgrade Your Account,0.0000459481440112,
Upgrade Your Account,0.000045847908095,
Upgrade Your Account,0.0000452966105556,
Upgrade Your Account,0.0000452665397807,
Upgrade Your Account,0.0000452164218226,
Upgrade Your Account,0.0000451963746393,
Upgrade Your Account,0.0000451562802728,
Upgrade Your Account,0.0000451161859063,
Upgrade Your Account,0.0000450159499901,
Upgrade Your Account,0.0000449157140738,
Upgrade Your Account,0.0000448956668906,
Upgrade Your Account,0.0000445147704088,
Upgrade Your Account,0.0000445047468172,
Upgrade Your Account,0.0000444245580842,
Upgrade Your Account,0.0000442641806181,
Upgrade Your Account,0.0000442040390684,
Upgrade Your Account,0.0000441940154768,
Upgrade Your Account,0.0000440436616024,
Upgrade Your Account,0.0000439434256861,
Upgrade Your Account,0.0000438532133615,
Upgrade Your Account,0.0000437630010369,
Upgrade Your Account,0.0000436727887122,
Upgrade Your Account,0.0000435825763876,
Upgrade Your Account,0.0000435424820211,
Upgrade Your Account,0.0000434823404714,
Upgrade Your Account,0.0000434823404714,
Upgrade Your Account,0.0000431014439896,
Upgrade Your Account,0.0000430413024398,
Upgrade Your Account,0.0000429711372985,
Upgrade Your Account,0.0000429611137068,
Upgrade Your Account,0.0000426604059581,
Upgrade Your Account,0.0000424298633507,
Upgrade Your Account,0.0000423897689842,
Upgrade Your Account,0.0000423697218009,
Upgrade Your Account,0.0000423596982093,
Upgrade Your Account,0.0000422694858847,
Upgrade Your Account,0.0000421993207433,
Upgrade Your Account,0.0000420890612354,
Upgrade Your Account,0.000041938707361,
Upgrade Your Account,0.0000417582827118,
Upgrade Your Account,0.0000417181883453,
Upgrade Your Account,0.0000416881175704,
Upgrade Your Account,0.0000416680703871,
Upgrade Your Account,0.0000416079288374,
Upgrade Your Account,0.0000415277401044,
Upgrade Your Account,0.0000414876457379,
Upgrade Your Account,0.0000414675985546,
Upgrade Your Account,0.0000413673626384,
Upgrade Your Account,0.0000412871739054,
Upgrade Your Account,0.000040976442565,
Upgrade Your Account,0.0000409463717901,
Upgrade Your Account,0.0000407458999576,
Upgrade Your Account,0.0000406155932665,
Upgrade Your Account,0.0000404351686172,
Upgrade Your Account,0.0000403750270675,
Upgrade Your Account,0.0000402246731931,
Upgrade Your Account,0.0000401745552349,
Upgrade Your Account,0.0000401645316433,
Upgrade Your Account,0.0000401444844601,
Upgrade Your Account,0.0000400442485438,
Upgrade Your Account,0.0000400141777689,
Upgrade Your Account,0.0000399941305857,
Upgrade Your Account,0.0000399841069941,
Upgrade Your Account,0.0000399841069941,
Upgrade Your Account,0.0000399640598108,
Upgrade Your Account,0.0000399239654443,
Upgrade Your Account,0.0000397836351616,
Upgrade Your Account,0.0000397435407951,
Upgrade Your Account,0.0000397234936118,
Upgrade Your Account,0.000039663352062,
Upgrade Your Account,0.0000394428330463,
Upgrade Your Account,0.0000392924791719,
Upgrade Your Account,0.0000392022668473,
Upgrade Your Account,0.0000391922432556,
Upgrade Your Account,0.0000391621724808,
Upgrade Your Account,0.0000390619365645,
Upgrade Your Account,0.0000390519129729,
Upgrade Your Account,0.0000390318657896,
Upgrade Your Account,0.0000390017950148,
Upgrade Your Account,0.0000390017950148,
Upgrade Your Account,0.0000388514411404,
Upgrade Your Account,0.0000388013231823,
Upgrade Your Account,0.0000388013231823,
Upgrade Your Account,0.0000387411816325,
Upgrade Your Account,0.0000386609928995,
Upgrade Your Account,0.0000385607569832,
Upgrade Your Account,0.000038460521067,
Upgrade Your Account,0.0000384304502921,
Upgrade Your Account,0.0000383703087424,
Upgrade Your Account,0.0000382700728261,
Upgrade Your Account,0.000038219954868,
Upgrade Your Account,0.0000381297425433,
Upgrade Your Account,0.0000380696009936,
Upgrade Your Account,0.0000380696009936,
Upgrade Your Account,0.0000380495538103,
Upgrade Your Account,0.0000380395302187,
Upgrade Your Account,0.000037899199936,
Upgrade Your Account,0.00003773882247,
Upgrade Your Account,0.0000376586337369,
Upgrade Your Account,0.0000375984921872,
Upgrade Your Account,0.0000375784450039,
Upgrade Your Account,0.0000375784450039,
Upgrade Your Account,0.0000373980203547,
Upgrade Your Account,0.0000373579259882,
Upgrade Your Account,0.0000372777372552,
Upgrade Your Account,0.0000371574541557,
Upgrade Your Account,0.0000371073361975,
Upgrade Your Account,0.0000370471946478,
Upgrade Your Account,0.0000367865812655,
Upgrade Your Account,0.0000367565104907,
Upgrade Your Account,0.000036746486899,
Upgrade Your Account,0.0000367264397158,
Upgrade Your Account,0.0000366763217577,
Upgrade Your Account,0.0000365760858414,
Upgrade Your Account,0.0000365760858414,
Upgrade Your Account,0.0000364958971084,
Upgrade Your Account,0.0000364958971084,
Upgrade Your Account,0.0000363254960508,
Upgrade Your Account,0.0000362352837261,
Upgrade Your Account,0.0000360849298517,
Upgrade Your Account,0.0000360648826685,
Upgrade Your Account,0.000035944599569,
Upgrade Your Account,0.000035784222103,
Upgrade Your Account,0.000035784222103,
Upgrade Your Account,0.0000357240805532,
Upgrade Your Account,0.0000356539154119,
Upgrade Your Account,0.0000356539154119,
Upgrade Your Account,0.000035623844637,
Upgrade Your Account,0.0000356138210454,
Upgrade Your Account,0.0000354434199877,
Upgrade Your Account,0.0000354133492128,
Upgrade Your Account,0.0000353732548463,
Upgrade Your Account,0.0000353632312547,
Upgrade Your Account,0.0000351527358306,
Upgrade Your Account,0.0000350825706892,
Upgrade Your Account,0.0000349322168148,
Upgrade Your Account,0.0000349221932232,
Upgrade Your Account,0.0000349121696316,
Upgrade Your Account,0.0000347718393488,
Upgrade Your Account,0.0000347317449823,
Upgrade Your Account,0.0000346816270242,
Upgrade Your Account,0.0000345412967414,
Upgrade Your Account,0.0000345112259665,
Upgrade Your Account,0.0000344510844168,
Upgrade Your Account,0.0000344009664587,
Upgrade Your Account,0.0000343508485005,
Upgrade Your Account,0.0000342004946262,
Upgrade Your Account,0.0000340802115267,
Upgrade Your Account,0.0000340300935685,
Upgrade Your Account,0.000033989999202,
Upgrade Your Account,0.0000339599284271,
Upgrade Your Account,0.000033909810469,
Upgrade Your Account,0.0000338797396941,
Upgrade Your Account,0.0000338697161025,
Upgrade Your Account,0.0000337394094114,
Upgrade Your Account,0.0000337293858198,
Upgrade Your Account,0.0000336993150449,
Upgrade Your Account,0.0000336592206784,
Upgrade Your Account,0.0000336191263119,
Upgrade Your Account,0.0000335589847621,
Upgrade Your Account,0.0000335289139872,
Upgrade Your Account,0.0000335188903956,
Upgrade Your Account,0.000033348489338,
Upgrade Your Account,0.0000330878759557,
Upgrade Your Account,0.0000329876400395,
Upgrade Your Account,0.0000328773805316,
Upgrade Your Account,0.0000328773805316,
Upgrade Your Account,0.0000328172389818,
Upgrade Your Account,0.0000327971917986,
Upgrade Your Account,0.0000326869322907,
Upgrade Your Account,0.0000325065076415,
Upgrade Your Account,0.0000324964840498,
Upgrade Your Account,0.0000324062717252,
Upgrade Your Account,0.0000322659414424,
Upgrade Your Account,0.0000321456583429,
Upgrade Your Account,0.0000321055639764,
Upgrade Your Account,0.0000320855167932,
Upgrade Your Account,0.0000320554460183,
Upgrade Your Account,0.0000319953044686,
Upgrade Your Account,0.0000318950685523,
Upgrade Your Account,0.0000318850449607,
Upgrade Your Account,0.0000318449505942,
Upgrade Your Account,0.0000316845731282,
Upgrade Your Account,0.0000316144079868,
Upgrade Your Account,0.0000315241956622,
Upgrade Your Account,0.000031233511505,
Upgrade Your Account,0.0000312034407301,
Upgrade Your Account,0.0000311934171385,
Upgrade Your Account,0.0000311733699553,
Upgrade Your Account,0.000031153322772,
Upgrade Your Account,0.0000310530868558,
Upgrade Your Account,0.0000310330396725,
Upgrade Your Account,0.0000307724262902,
Upgrade Your Account,0.0000306922375572,
Upgrade Your Account,0.0000306621667824,
Upgrade Your Account,0.0000306320960075,
Upgrade Your Account,0.0000305619308661,
Upgrade Your Account,0.0000305619308661,
Upgrade Your Account,0.0000304817421331,
Upgrade Your Account,0.0000304717185415,
Upgrade Your Account,0.000030431624175,
Upgrade Your Account,0.0000302511995257,
Upgrade Your Account,0.000030191057976,
Upgrade Your Account,0.0000301509636095,
Upgrade Your Account,0.0000301309164262,
Upgrade Your Account,0.0000301309164262,
Upgrade Your Account,0.0000300407041016,
Upgrade Your Account,0.00003003068051,
Upgrade Your Account,0.0000299605153686,
Upgrade Your Account,0.0000299404681853,
Upgrade Your Account,0.0000299204210021,
Upgrade Your Account,0.0000297299727612,
Upgrade Your Account,0.0000295695952952,
Upgrade Your Account,0.0000294894065622,
Upgrade Your Account,0.0000294793829706,
Upgrade Your Account,0.0000294392886041,
Upgrade Your Account,0.0000293991942375,
Upgrade Your Account,0.0000292388167715,
Upgrade Your Account,0.0000292087459967,
Upgrade Your Account,0.0000291385808553,
Upgrade Your Account,0.0000291285572637,
Upgrade Your Account,0.0000291085100804,
Upgrade Your Account,0.0000290483685307,
Upgrade Your Account,0.0000290082741642,
Upgrade Your Account,0.0000290082741642,
Upgrade Your Account,0.0000288579202898,
Upgrade Your Account,0.0000288478966981,
Upgrade Your Account,0.0000287877551484,
Upgrade Your Account,0.0000287476607819,
Upgrade Your Account,0.0000287075664154,
Upgrade Your Account,0.0000286173540908,
Upgrade Your Account,0.0000285271417661,
Upgrade Your Account,0.0000284870473996,
Upgrade Your Account,0.0000284870473996,
Upgrade Your Account,0.000028477023808,
Upgrade Your Account,0.0000282765519755,
Upgrade Your Account,0.000028236457609,
Upgrade Your Account,0.000028076080143,
Upgrade Your Account,0.0000280259621849,
Upgrade Your Account,0.0000280159385932,
Upgrade Your Account,0.00002799589141,
Upgrade Your Account,0.00002799589141,
Upgrade Your Account,0.0000279357498602,
Upgrade Your Account,0.0000278555611272,
Upgrade Your Account,0.0000277152308445,
Upgrade Your Account,0.0000276651128863,
Upgrade Your Account,0.0000276651128863,
Upgrade Your Account,0.000027594947745,
Upgrade Your Account,0.0000274846882371,
Upgrade Your Account,0.0000274746646455,
Upgrade Your Account,0.0000273944759125,
Upgrade Your Account,0.0000273243107711,
Upgrade Your Account,0.0000273042635878,
Upgrade Your Account,0.0000272441220381,
Upgrade Your Account,0.0000272340984464,
Upgrade Your Account,0.0000272340984464,
Upgrade Your Account,0.0000271839804883,
Upgrade Your Account,0.0000271338625302,
Upgrade Your Account,0.0000271238389386,
Upgrade Your Account,0.0000270135794307,
Upgrade Your Account,0.0000270035558391,
Upgrade Your Account,0.0000270035558391,
Upgrade Your Account,0.0000269534378809,
Upgrade Your Account,0.0000269033199228,
Upgrade Your Account,0.0000268832727396,
Upgrade Your Account,0.0000268632255563,
Upgrade Your Account,0.0000268431783731,
Upgrade Your Account,0.0000268131075982,
Upgrade Your Account,0.0000267730132317,
Upgrade Your Account,0.0000266627537238,
Upgrade Your Account,0.0000266627537238,
Upgrade Your Account,0.0000266527301322,
Upgrade Your Account,0.0000266427065405,
Upgrade Your Account,0.0000265424706243,
Upgrade Your Account,0.0000265023762578,
Upgrade Your Account,0.0000264823290745,
Upgrade Your Account,0.000026442234708,
Upgrade Your Account,0.000026442234708,
Upgrade Your Account,0.0000264121639332,
Upgrade Your Account,0.0000263520223834,
Upgrade Your Account,0.0000263419987918,
Upgrade Your Account,0.0000263319752002,
Upgrade Your Account,0.0000263219516085,
Upgrade Your Account,0.0000262718336504,
Upgrade Your Account,0.0000262618100588,
Upgrade Your Account,0.0000262517864671,
Upgrade Your Account,0.0000261816213258,
Upgrade Your Account,0.0000260613382263,
Upgrade Your Account,0.0000260011966765,
Upgrade Your Account,0.000025880913577,
Upgrade Your Account,0.0000257105125194,
Upgrade Your Account,0.0000257004889277,
Upgrade Your Account,0.0000255802058282,
Upgrade Your Account,0.0000255802058282,
Upgrade Your Account,0.0000255701822366,
Upgrade Your Account,0.0000254899935036,
Upgrade Your Account,0.0000253496632209,
Upgrade Your Account,0.0000252995452627,
Upgrade Your Account,0.0000252494273046,
Upgrade Your Account,0.0000251792621632,
Upgrade Your Account,0.0000251191206135,
Upgrade Your Account,0.0000250389318805,
Upgrade Your Account,0.0000248986015977,
Upgrade Your Account,0.0000248885780061,
Upgrade Your Account,0.0000247783184982,
Upgrade Your Account,0.0000247682949066,
Upgrade Your Account,0.0000247582713149,
Upgrade Your Account,0.0000247582713149,
Upgrade Your Account,0.0000247482477233,
Upgrade Your Account,0.0000247382241317,
Upgrade Your Account,0.0000246379882154,
Upgrade Your Account,0.0000245778466657,
Upgrade Your Account,0.0000245678230741,
Upgrade Your Account,0.0000244976579327,
Upgrade Your Account,0.0000244776107494,
Upgrade Your Account,0.0000244375163829,
Upgrade Your Account,0.0000244074456081,
Upgrade Your Account,0.0000243673512416,
Upgrade Your Account,0.0000243573276499,
Upgrade Your Account,0.0000243372804667,
Upgrade Your Account,0.0000243372804667,
Upgrade Your Account,0.0000243072096918,
Upgrade Your Account,0.0000242971861002,
Upgrade Your Account,0.0000242671153253,
Upgrade Your Account,0.0000242370445504,
Upgrade Your Account,0.0000242069737755,
Upgrade Your Account,0.0000241969501839,
Upgrade Your Account,0.0000241969501839,
Upgrade Your Account,0.000024166879409,
Upgrade Your Account,0.0000241468322258,
Upgrade Your Account,0.0000241167614509,
Upgrade Your Account,0.0000240465963095,
Upgrade Your Account,0.000024006501943,
Upgrade Your Account,0.0000239864547598,
Upgrade Your Account,0.0000238561480687,
Upgrade Your Account,0.000023765935744,
Upgrade Your Account,0.0000237559121524,
Upgrade Your Account,0.0000237358649692,
Upgrade Your Account,0.0000237258413775,
Upgrade Your Account,0.0000236957706026,
Upgrade Your Account,0.0000236957706026,
Upgrade Your Account,0.0000236957706026,
Upgrade Your Account,0.0000236556762361,
Upgrade Your Account,0.0000236556762361,
Upgrade Your Account,0.000023605558278,
Upgrade Your Account,0.0000235855110948,
Upgrade Your Account,0.0000235855110948,
Upgrade Your Account,0.0000235754875031,
Upgrade Your Account,0.0000235153459534,
Upgrade Your Account,0.0000235153459534,
Upgrade Your Account,0.0000234652279953,
Upgrade Your Account,0.0000234652279953,
Upgrade Your Account,0.0000234251336288,
Upgrade Your Account,0.0000233950628539,
Upgrade Your Account,0.000023364992079,
Upgrade Your Account,0.0000233549684874,
Upgrade Your Account,0.0000233449448958,
Upgrade Your Account,0.0000233449448958,
Upgrade Your Account,0.0000232547325711,
Upgrade Your Account,0.0000231645202465,
Upgrade Your Account,0.0000231544966549,
Upgrade Your Account,0.0000231444730632,
Upgrade Your Account,0.0000231344494716,
Upgrade Your Account,0.0000230743079219,
Upgrade Your Account,0.0000230642843302,
Upgrade Your Account,0.0000230642843302,
Upgrade Your Account,0.0000230542607386,
Upgrade Your Account,0.0000230241899637,
Upgrade Your Account,0.0000229840955972,
Upgrade Your Account,0.0000229840955972,
Upgrade Your Account,0.0000229440012307,
Upgrade Your Account,0.0000228938832726,
Upgrade Your Account,0.0000228938832726,
Upgrade Your Account,0.0000228638124977,
Upgrade Your Account,0.0000227836237647,
Upgrade Your Account,0.000022723482215,
Upgrade Your Account,0.0000227034350317,
Upgrade Your Account,0.0000225731283406,
Upgrade Your Account,0.0000224929396076,
Upgrade Your Account,0.0000224327980578,
Upgrade Your Account,0.0000223826800997,
Upgrade Your Account,0.0000223726565081,
Upgrade Your Account,0.0000223626329165,
Upgrade Your Account,0.00002232253855,
Upgrade Your Account,0.0000222924677751,
Upgrade Your Account,0.0000222924677751,
Upgrade Your Account,0.0000222824441835,
Upgrade Your Account,0.000022242349817,
Upgrade Your Account,0.0000222223026337,
Upgrade Your Account,0.0000221922318588,
Upgrade Your Account,0.0000221822082672,
Upgrade Your Account,0.0000221421139007,
Upgrade Your Account,0.0000221220667174,
Upgrade Your Account,0.0000220719487593,
Upgrade Your Account,0.0000220719487593,
Upgrade Your Account,0.0000220418779844,
Upgrade Your Account,0.0000220418779844,
Upgrade Your Account,0.0000220218308012,
Upgrade Your Account,0.0000218614533352,
Upgrade Your Account,0.0000218414061519,
Upgrade Your Account,0.0000218414061519,
Upgrade Your Account,0.0000218113353771,
Upgrade Your Account,0.0000217912881938,
Upgrade Your Account,0.0000217812646022,
Upgrade Your Account,0.0000217712410106,
Upgrade Your Account,0.0000217612174189,
Upgrade Your Account,0.0000217411702357,
Upgrade Your Account,0.0000216710050943,
Upgrade Your Account,0.0000216710050943,
Upgrade Your Account,0.000021650957911,
Upgrade Your Account,0.0000215908163613,
Upgrade Your Account,0.000021570769178,
Upgrade Your Account,0.0000215206512199,
Upgrade Your Account,0.0000214605096702,
Upgrade Your Account,0.0000213702973455,
Upgrade Your Account,0.0000212600378377,
Upgrade Your Account,0.0000212399906544,
Upgrade Your Account,0.0000212199434712,
Upgrade Your Account,0.0000212099198795,
Upgrade Your Account,0.000021169825513,
Upgrade Your Account,0.0000211598019214,
Upgrade Your Account,0.00002108963678,
Upgrade Your Account,0.0000210796131884,
Upgrade Your Account,0.0000210695895968,
Upgrade Your Account,0.0000210595660051,
Upgrade Your Account,0.0000210595660051,
Upgrade Your Account,0.0000210495424135,
Upgrade Your Account,0.0000210395188219,
Upgrade Your Account,0.0000208991885391,
Upgrade Your Account,0.0000208991885391,
Upgrade Your Account,0.0000208590941726,
Upgrade Your Account,0.000020768881848,
Upgrade Your Account,0.0000207287874815,
Upgrade Your Account,0.0000206586223401,
Upgrade Your Account,0.0000205784336071,
Upgrade Your Account,0.0000205784336071,
Upgrade Your Account,0.0000205684100155,
Upgrade Your Account,0.0000205583864239,
Upgrade Your Account,0.0000204882212825,
Upgrade Your Account,0.0000204781976909,
Upgrade Your Account,0.0000204681740992,
Upgrade Your Account,0.0000204180561411,
Upgrade Your Account,0.0000203879853662,
Upgrade Your Account,0.0000203879853662,
Upgrade Your Account,0.000020367938183,
Upgrade Your Account,0.0000202677022667,
Upgrade Your Account,0.0000202175843086,
Upgrade Your Account,0.0000201875135337,
Upgrade Your Account,0.0000201774899421,
Upgrade Your Account,0.0000201674663505,
Upgrade Your Account,0.0000201173483923,
Upgrade Your Account,0.0000200872776175,
Upgrade Your Account,0.0000200672304342,
Upgrade Your Account,0.0000200672304342,
Upgrade Your Account,0.000020047183251,
Upgrade Your Account,0.0000200171124761,
Upgrade Your Account,0.0000200070888845,
Upgrade Your Account,0.0000199770181096,
Upgrade Your Account,0.0000199569709263,
Upgrade Your Account,0.000019806617052,
Upgrade Your Account,0.0000197965934603,
Upgrade Your Account,0.0000197865698687,
Upgrade Your Account,0.0000197665226855,
Upgrade Your Account,0.000019726428319,
Upgrade Your Account,0.0000197063811357,
Upgrade Your Account,0.0000196763103608,
Upgrade Your Account,0.000019646239586,
Upgrade Your Account,0.0000195961216278,
Upgrade Your Account,0.0000195860980362,
Upgrade Your Account,0.0000195760744446,
Upgrade Your Account,0.0000195059093032,
Upgrade Your Account,0.0000194858621199,
Upgrade Your Account,0.0000194457677534,
Upgrade Your Account,0.0000194357441618,
Upgrade Your Account,0.0000193956497953,
Upgrade Your Account,0.0000193956497953,
Upgrade Your Account,0.0000193956497953,
Upgrade Your Account,0.0000193756026121,
Upgrade Your Account,0.0000193355082456,
Upgrade Your Account,0.0000193054374707,
Upgrade Your Account,0.0000192954138791,
Upgrade Your Account,0.0000192553195126,
Upgrade Your Account,0.0000192452959209,
Upgrade Your Account,0.0000192252487377,
Upgrade Your Account,0.0000191851543712,
Upgrade Your Account,0.0000190949420466,
Upgrade Your Account,0.0000190748948633,
Upgrade Your Account,0.00001905484768,
Upgrade Your Account,0.0000190448240884,
Upgrade Your Account,0.0000190348004968,
Upgrade Your Account,0.0000190247769052,
Upgrade Your Account,0.0000190047297219,
Upgrade Your Account,0.0000189245409889,
Upgrade Your Account,0.0000188844466224,
Upgrade Your Account,0.0000187942342978,
Upgrade Your Account,0.0000187942342978,
Upgrade Your Account,0.0000187942342978,
Upgrade Your Account,0.0000187842107062,
Upgrade Your Account,0.0000187741871145,
Upgrade Your Account,0.000018734092748,
Upgrade Your Account,0.0000186739511983,
Upgrade Your Account,0.0000186739511983,
Upgrade Your Account,0.0000186639276067,
Upgrade Your Account,0.0000186438804234,
Upgrade Your Account,0.0000186438804234,
Upgrade Your Account,0.0000186338568318,
Upgrade Your Account,0.0000186238332402,
Upgrade Your Account,0.0000186037860569,
Upgrade Your Account,0.0000186037860569,
Upgrade Your Account,0.0000186037860569,
Upgrade Your Account,0.000018573715282,
Upgrade Your Account,0.0000185336209155,
Upgrade Your Account,0.0000185235973239,
Upgrade Your Account,0.0000185135737323,
Upgrade Your Account,0.0000185135737323,
Upgrade Your Account,0.000018493526549,
Upgrade Your Account,0.0000184634557741,
Upgrade Your Account,0.0000184534321825,
Upgrade Your Account,0.0000184434085909,
Upgrade Your Account,0.0000184434085909,
Upgrade Your Account,0.0000184233614076,
Upgrade Your Account,0.000018413337816,
Upgrade Your Account,0.0000183932906328,
Upgrade Your Account,0.0000183030783081,
Upgrade Your Account,0.0000182629839416,
Upgrade Your Account,0.0000182128659835,
Upgrade Your Account,0.0000182028423919,
Upgrade Your Account,0.0000181928188003,
Upgrade Your Account,0.000018172771617,
Upgrade Your Account,0.0000181427008421,
Upgrade Your Account,0.0000181326772505,
Upgrade Your Account,0.0000180625121091,
Upgrade Your Account,0.0000180324413342,
Upgrade Your Account,0.0000180023705594,
Upgrade Your Account,0.0000179522526012,
Upgrade Your Account,0.0000179422290096,
Upgrade Your Account,0.000017932205418,
Upgrade Your Account,0.0000179221818264,
Upgrade Your Account,0.0000178820874599,
Upgrade Your Account,0.0000178620402766,
Upgrade Your Account,0.000017852016685,
Upgrade Your Account,0.000017852016685,
Upgrade Your Account,0.0000178319695017,
Upgrade Your Account,0.0000178018987269,
Upgrade Your Account,0.0000178018987269,
Upgrade Your Account,0.0000177618043604,
Upgrade Your Account,0.0000177417571771,
Upgrade Your Account,0.0000177116864022,
Upgrade Your Account,0.0000176515448525,
Upgrade Your Account,0.0000176014268944,
Upgrade Your Account,0.0000175914033027,
Upgrade Your Account,0.0000175713561195,
Upgrade Your Account,0.0000175713561195,
Upgrade Your Account,0.0000175412853446,
Upgrade Your Account,0.0000175112145697,
Upgrade Your Account,0.0000175011909781,
Upgrade Your Account,0.0000174911673865,
Upgrade Your Account,0.0000174711202032,
Upgrade Your Account,0.0000174711202032,
Upgrade Your Account,0.00001745107302,
Upgrade Your Account,0.0000174210022451,
Upgrade Your Account,0.0000174109786535,
Upgrade Your Account,0.0000174109786535,
Upgrade Your Account,0.0000174009550618,
Upgrade Your Account,0.0000173809078786,
Upgrade Your Account,0.0000173508371037,
Upgrade Your Account,0.0000173307899205,
Upgrade Your Account,0.0000173207663288,
Upgrade Your Account,0.000017290695554,
Upgrade Your Account,0.0000172606247791,
Upgrade Your Account,0.0000172506011875,
Upgrade Your Account,0.0000172506011875,
Upgrade Your Account,0.0000172506011875,
Upgrade Your Account,0.0000172305540042,
Upgrade Your Account,0.0000171904596377,
Upgrade Your Account,0.0000171804360461,
Upgrade Your Account,0.0000171704124545,
Upgrade Your Account,0.000017130318088,
Upgrade Your Account,0.0000170902237215,
Upgrade Your Account,0.0000170902237215,
Upgrade Your Account,0.0000170701765382,
Upgrade Your Account,0.0000170601529466,
Upgrade Your Account,0.0000170300821717,
Upgrade Your Account,0.0000169699406219,
Upgrade Your Account,0.0000169097990722,
Upgrade Your Account,0.0000168997754806,
Upgrade Your Account,0.0000168296103392,
Upgrade Your Account,0.0000168195867476,
Upgrade Your Account,0.0000167995395643,
Upgrade Your Account,0.0000167794923811,
Upgrade Your Account,0.0000167594451978,
Upgrade Your Account,0.0000167494216062,
Upgrade Your Account,0.0000167193508313,
Upgrade Your Account,0.0000166892800564,
Upgrade Your Account,0.0000166391620983,
Upgrade Your Account,0.0000166291385067,
Upgrade Your Account,0.0000166191149151,
Upgrade Your Account,0.0000166191149151,
Upgrade Your Account,0.0000165990677318,
Upgrade Your Account,0.0000165489497737,
Upgrade Your Account,0.0000165489497737,
Upgrade Your Account,0.0000164988318155,
Upgrade Your Account,0.000016458737449,
Upgrade Your Account,0.0000164487138574,
Upgrade Your Account,0.0000164487138574,
Upgrade Your Account,0.0000164286666742,
Upgrade Your Account,0.0000164086194909,
Upgrade Your Account,0.0000163985958993,
Upgrade Your Account,0.0000163384543495,
Upgrade Your Account,0.0000163284307579,
Upgrade Your Account,0.0000163284307579,
Upgrade Your Account,0.0000163284307579,
Upgrade Your Account,0.0000162883363914,
Upgrade Your Account,0.0000162783127998,
Upgrade Your Account,0.0000162482420249,
Upgrade Your Account,0.0000162482420249,
Upgrade Your Account,0.0000162281948417,
Upgrade Your Account,0.00001621817125,
Upgrade Your Account,0.00001621817125,
Upgrade Your Account,0.0000161981240668,
Upgrade Your Account,0.0000161680532919,
Upgrade Your Account,0.0000161580297003,
Upgrade Your Account,0.000016137982517,
Upgrade Your Account,0.0000161179353338,
Upgrade Your Account,0.0000160377466008,
Upgrade Your Account,0.0000159976522343,
Upgrade Your Account,0.0000159976522343,
Upgrade Your Account,0.0000159575578678,
Upgrade Your Account,0.0000159074399096,
Upgrade Your Account,0.0000159074399096,
Upgrade Your Account,0.0000158673455431,
Upgrade Your Account,0.0000158573219515,
Upgrade Your Account,0.0000157971804018,
Upgrade Your Account,0.0000157971804018,
Upgrade Your Account,0.0000157971804018,
Upgrade Your Account,0.0000157671096269,
Upgrade Your Account,0.000015737038852,
Upgrade Your Account,0.0000157270152604,
Upgrade Your Account,0.0000157270152604,
Upgrade Your Account,0.0000156869208939,
Upgrade Your Account,0.0000156869208939,
Upgrade Your Account,0.000015656850119,
Upgrade Your Account,0.0000156368029358,
Upgrade Your Account,0.0000156067321609,
Upgrade Your Account,0.0000155967085693,
Upgrade Your Account,0.0000155967085693,
Upgrade Your Account,0.0000155866849776,
Upgrade Your Account,0.0000155465906111,
Upgrade Your Account,0.0000154864490614,
Upgrade Your Account,0.0000154463546949,
Upgrade Your Account,0.0000154363311032,
Upgrade Your Account,0.0000154363311032,
Upgrade Your Account,0.0000154263075116,
Upgrade Your Account,0.0000154263075116,
Upgrade Your Account,0.0000153661659619,
Upgrade Your Account,0.0000153661659619,
Upgrade Your Account,0.0000153461187786,
Upgrade Your Account,0.000015336095187,
Upgrade Your Account,0.0000153260715954,
Upgrade Your Account,0.0000152859772289,
Upgrade Your Account,0.000015255906454,
Upgrade Your Account,0.0000152458828624,
Upgrade Your Account,0.0000152358592707,
Upgrade Your Account,0.0000151957649042,
Upgrade Your Account,0.0000151957649042,
Upgrade Your Account,0.0000151656941294,
Upgrade Your Account,0.0000151456469461,
Upgrade Your Account,0.0000151456469461,
Upgrade Your Account,0.0000151155761712,
Upgrade Your Account,0.0000150353874382,
Upgrade Your Account,0.0000150253638466,
Upgrade Your Account,0.000015015340255,
Upgrade Your Account,0.0000149952930717,
Upgrade Your Account,0.0000149752458885,
Upgrade Your Account,0.0000149752458885,
Upgrade Your Account,0.0000149652222969,
Upgrade Your Account,0.0000149652222969,
Upgrade Your Account,0.0000149451751136,
Upgrade Your Account,0.0000149251279303,
Upgrade Your Account,0.0000149151043387,
Upgrade Your Account,0.0000148950571555,
Upgrade Your Account,0.0000148850335638,
Upgrade Your Account,0.0000148649863806,
Upgrade Your Account,0.0000148449391973,
Upgrade Your Account,0.0000148248920141,
Upgrade Your Account,0.0000147948212392,
Upgrade Your Account,0.0000147847976476,
Upgrade Your Account,0.0000147447032811,
Upgrade Your Account,0.0000147146325062,
Upgrade Your Account,0.0000146845617313,
Upgrade Your Account,0.0000146845617313,
Upgrade Your Account,0.0000146745381397,
Upgrade Your Account,0.0000146544909565,
Upgrade Your Account,0.0000145743022235,
Upgrade Your Account,0.0000145542550402,
Upgrade Your Account,0.0000145542550402,
Upgrade Your Account,0.0000144840898988,
Upgrade Your Account,0.0000144439955323,
Upgrade Your Account,0.0000144339719407,
Upgrade Your Account,0.0000144139247574,
Upgrade Your Account,0.0000143938775742,
Upgrade Your Account,0.0000143838539826,
Upgrade Your Account,0.0000143838539826,
Upgrade Your Account,0.0000143738303909,
Upgrade Your Account,0.0000143638067993,
Upgrade Your Account,0.0000143237124328,
Upgrade Your Account,0.0000142635708831,
Upgrade Your Account,0.0000142435236998,
Upgrade Your Account,0.0000142435236998,
Upgrade Your Account,0.0000142234765166,
Upgrade Your Account,0.0000141533113752,
Upgrade Your Account,0.0000141432877836,
Upgrade Your Account,0.0000141332641919,
Upgrade Your Account,0.0000141232406003,
Upgrade Your Account,0.0000140831462338,
Upgrade Your Account,0.0000140430518673,
Upgrade Your Account,0.0000140129810924,
Upgrade Your Account,0.0000139528395427,
Upgrade Your Account,0.0000138926979929,
Upgrade Your Account,0.0000138926979929,
Upgrade Your Account,0.0000138726508097,
Upgrade Your Account,0.000013862627218,
Upgrade Your Account,0.000013862627218,
Upgrade Your Account,0.0000138425800348,
Upgrade Your Account,0.0000138325564432,
Upgrade Your Account,0.0000138024856683,
Upgrade Your Account,0.0000137623913018,
Upgrade Your Account,0.0000137523677102,
Upgrade Your Account,0.0000137523677102,
Upgrade Your Account,0.0000137323205269,
Upgrade Your Account,0.0000137122733437,
Upgrade Your Account,0.0000136822025688,
Upgrade Your Account,0.0000136621553855,
Upgrade Your Account,0.0000136521317939,
Upgrade Your Account,0.0000136421082023,
Upgrade Your Account,0.0000136320846107,
Upgrade Your Account,0.0000135919902442,
Upgrade Your Account,0.0000135619194693,
Upgrade Your Account,0.0000135518958777,
Upgrade Your Account,0.0000135318486944,
Upgrade Your Account,0.0000135218251028,
Upgrade Your Account,0.0000134917543279,
Upgrade Your Account,0.0000134717071447,
Upgrade Your Account,0.000013461683553,
Upgrade Your Account,0.000013461683553,
Upgrade Your Account,0.0000134416363698,
Upgrade Your Account,0.0000134115655949,
Upgrade Your Account,0.00001338149482,
Upgrade Your Account,0.0000133614476368,
Upgrade Your Account,0.0000133414004535,
Upgrade Your Account,0.000013301306087,
Upgrade Your Account,0.000013301306087,
Upgrade Your Account,0.0000132912824954,
Upgrade Your Account,0.0000132612117205,
Upgrade Your Account,0.0000132511881289,
Upgrade Your Account,0.0000132411645373,
Upgrade Your Account,0.0000132311409456,
Upgrade Your Account,0.000013221117354,
Upgrade Your Account,0.0000131309050294,
Upgrade Your Account,0.0000131309050294,
Upgrade Your Account,0.0000131108578461,
Upgrade Your Account,0.0000130807870713,
Upgrade Your Account,0.0000130707634796,
Upgrade Your Account,0.0000130707634796,
Upgrade Your Account,0.000013060739888,
Upgrade Your Account,0.0000130507162964,
Upgrade Your Account,0.0000130406927048,
Upgrade Your Account,0.0000130306691131,
Upgrade Your Account,0.000012980551155,
Upgrade Your Account,0.0000129605039718,
Upgrade Your Account,0.0000129304331969,
Upgrade Your Account,0.000012900362422,
Upgrade Your Account,0.000012820173689,
Upgrade Your Account,0.0000127901029141,
Upgrade Your Account,0.0000127700557309,
Upgrade Your Account,0.0000127700557309,
Upgrade Your Account,0.0000127700557309,
Upgrade Your Account,0.0000126998905895,
Upgrade Your Account,0.0000126798434062,
Upgrade Your Account,0.0000126698198146,
Upgrade Your Account,0.0000126497726314,
Upgrade Your Account,0.0000126096782649,
Upgrade Your Account,0.0000125996546732,
Upgrade Your Account,0.00001257960749,
Upgrade Your Account,0.00001257960749,
Upgrade Your Account,0.00001257960749,
Upgrade Your Account,0.0000125695838984,
Upgrade Your Account,0.0000125495367151,
Upgrade Your Account,0.0000125495367151,
Upgrade Your Account,0.0000125495367151,
Upgrade Your Account,0.0000125294895319,
Upgrade Your Account,0.0000125194659402,
Upgrade Your Account,0.0000125194659402,
Upgrade Your Account,0.000012499418757,
Upgrade Your Account,0.0000124593243905,
Upgrade Your Account,0.0000124493007989,
Upgrade Your Account,0.0000124292536156,
Upgrade Your Account,0.0000124292536156,
Upgrade Your Account,0.000012419230024,
Upgrade Your Account,0.0000124092064324,
Upgrade Your Account,0.0000123891592491,
Upgrade Your Account,0.0000123290176993,
Upgrade Your Account,0.0000123290176993,
Upgrade Your Account,0.0000123189941077,
Upgrade Your Account,0.0000123189941077,
Upgrade Your Account,0.0000123189941077,
Upgrade Your Account,0.0000123189941077,
Upgrade Your Account,0.0000122889233328,
Upgrade Your Account,0.000012258852558,
Upgrade Your Account,0.0000122488289663,
Upgrade Your Account,0.0000121686402333,
Upgrade Your Account,0.0000121485930501,
Upgrade Your Account,0.0000121485930501,
Upgrade Your Account,0.0000121185222752,
Upgrade Your Account,0.000012098475092,
Upgrade Your Account,0.000012098475092,
Upgrade Your Account,0.000011938097626,
Upgrade Your Account,0.0000119080268511,
Upgrade Your Account,0.0000119080268511,
Upgrade Your Account,0.0000118980032595,
Upgrade Your Account,0.0000118579088929,
Upgrade Your Account,0.0000118579088929,
Upgrade Your Account,0.0000118478853013,
Upgrade Your Account,0.0000118478853013,
Upgrade Your Account,0.0000118378617097,
Upgrade Your Account,0.0000118077909348,
Upgrade Your Account,0.0000117977673432,
Upgrade Your Account,0.0000117276022018,
Upgrade Your Account,0.0000117075550186,
Upgrade Your Account,0.0000116875078353,
Upgrade Your Account,0.0000116373898772,
Upgrade Your Account,0.0000116373898772,
Upgrade Your Account,0.0000116273662856,
Upgrade Your Account,0.0000116073191023,
Upgrade Your Account,0.0000115972955107,
Upgrade Your Account,0.0000115371539609,
Upgrade Your Account,0.0000115271303693,
Upgrade Your Account,0.0000114870360028,
Upgrade Your Account,0.0000114870360028,
Upgrade Your Account,0.0000114770124112,
Upgrade Your Account,0.0000114770124112,
Upgrade Your Account,0.0000114669888196,
Upgrade Your Account,0.0000113767764949,
Upgrade Your Account,0.0000112765405787,
Upgrade Your Account,0.0000112364462122,
Upgrade Your Account,0.0000112063754373,
Upgrade Your Account,0.0000112063754373,
Upgrade Your Account,0.0000110560215629,
Upgrade Your Account,0.0000109958800132,
Upgrade Your Account,0.0000109758328299,
Upgrade Your Account,0.0000108856205053,
Upgrade Your Account,0.0000107152194476,
Upgrade Your Account,0.0000104947004319,
Upgrade Your Account,0.0000103944645156,
Upgrade Your Account,0.0000103744173324,
Upgrade Your Account,0.0000103543701491,
Upgrade Your Account,0.0000103242993743,
Upgrade Your Account,0.0000102441106412,
Upgrade Your Account,0.0000102140398664,
Upgrade Your Account,0.0000101639219082,
Upgrade Your Account,0.000010143874725,
Upgrade Your Account,0.000009983497259,
Upgrade Your Account,0.0000096226479605,
Upgrade Your Account,0.0000096126243688,
Upgrade Your Account,0.0000095725300023,
Upgrade Your Account,0.0000095524828191,
Upgrade Your Account,0.000009422176128,
Upgrade Your Account,0.0000093319638033,
Upgrade Your Account,0.0000092617986619,
Upgrade Your Account,0.0000092217042954,
Upgrade Your Account,0.0000092116807038,
Upgrade Your Account,0.0000092116807038,
Upgrade Your Account,0.0000091715863373,
Upgrade Your Account,0.0000090813740127,
Upgrade Your Account,0.0000090011852797,
Upgrade Your Account,0.0000089711145048,
Upgrade Your Account,0.0000089610909132,
Upgrade Your Account,0.0000088608549969,
Upgrade Your Account,0.0000088307842221,
Upgrade Your Account,0.0000088007134472,
Upgrade Your Account,0.0000087606190807,
Upgrade Your Account,0.0000087606190807,
Upgrade Your Account,0.0000087405718974,
Upgrade Your Account,0.0000087004775309,
Upgrade Your Account,0.0000086904539393,
Upgrade Your Account,0.0000086002416147,
Upgrade Your Account,0.0000086002416147,
